,Jugador,País,Posición,Equipo,Competición,Edad
0,Nabil Aberdin,FRA,DF,Getafe,La Liga,20
1,Abner,BRA,DF,Betis,La Liga,23
2,Abdel Abqar,MAR,DF,Alavés,La Liga,24
3,Marcos Acuña,ARG,DF,Sevilla,La Liga,31
4,Julen Agirrezabala,ESP,GK,Athletic Club,La Liga,22
5,Lucien Agoume,FRA,MF,Sevilla,La Liga,21
6,Joseph Aidoo,GHA,DF,Celta Vigo,La Liga,27
7,Ilias Akhomach,MAR,"MF,FW",Villarreal,La Liga,19
8,Sergio Akieme,ESP,DF,Almería,La Liga,25
9,Paul Akouokou,CIV,MF,Betis,La Liga,25
10,David Alaba,AUT,DF,Real Madrid,La Liga,31
11,Raúl Albiol,ESP,DF,Villarreal,La Liga,37
12,Rubén Alcaraz,ESP,MF,Cádiz,La Liga,32
13,Omar Alderete,PAR,DF,Getafe,La Liga,26
14,Iván Alejo,ESP,MF,Cádiz,La Liga,28
15,Carles Aleñá,ESP,MF,Getafe,La Liga,25
16,Mohamed Ali Cho,FRA,"FW,MF",Real Sociedad,La Liga,19
17,Tadeo Allende,ARG,"MF,FW",Celta Vigo,La Liga,24
18,Domingos André Ribeiro Almeida,POR,"FW,MF",Valencia,La Liga,23
19,Marcos Alonso,ESP,DF,Barcelona,La Liga,32
20,Adrià Altimira,ESP,"DF,MF",Villarreal,La Liga,22
21,Sergi Altimira,ESP,MF,Betis,La Liga,21
22,Gastón Álvarez,URU,DF,Getafe,La Liga,23
23,Hugo Álvarez,ESP,"MF,DF",Celta Vigo,La Liga,20
24,Yeray Álvarez,ESP,DF,Athletic Club,La Liga,28
25,Selim Amallah,MAR,"FW,MF",Valencia,La Liga,26
26,Amath,SEN,"FW,MF",Mallorca,La Liga,27
27,Miguel Ángel Rubio,ESP,DF,Granada,La Liga,25
28,Fabrizio Angileri,ARG,"DF,MF",Getafe,La Liga,29
29,Mauro Arambarri,URU,MF,Getafe,La Liga,27
30,Jon Aramburu,VEN,DF,Real Sociedad,La Liga,21
31,Julian Araujo,MEX,DF,Las Palmas,La Liga,21
32,Ronald Araújo,URU,DF,Barcelona,La Liga,24
33,Adu Ares,ESP,FW,Athletic Club,La Liga,21
34,Jesús Areso,ESP,DF,Osasuna,La Liga,24
35,Matias Arezo,URU,FW,Granada,La Liga,20
36,Iñigo Arguibide,ESP,DF,Osasuna,La Liga,18
37,José Arnaiz,ESP,"FW,MF",Osasuna,La Liga,28
38,Sergio Arribas,ESP,"MF,FW",Almería,La Liga,21
39,Kepa Arrizabalaga,ESP,GK,Real Madrid,La Liga,28
40,Iago Aspas,ESP,FW,Celta Vigo,La Liga,35
41,Ezequiel Ávila,ARG,"FW,MF",Osasuna,La Liga,29
42,Ezequiel Ávila,ARG,FW,Betis,La Liga,29
43,César Azpilicueta,ESP,DF,Atlético Madrid,La Liga,33
44,Iddrisu Baba,GHA,MF,Almería,La Liga,27
45,Srđan Babić,SRB,DF,Almería,La Liga,27
46,Loïc Bade,FRA,DF,Sevilla,La Liga,23
47,Alex Baena,ESP,"MF,FW",Villarreal,La Liga,22
48,Eric Bailly,CIV,DF,Villarreal,La Liga,29
49,Cédric Bakambu,COD,FW,Betis,La Liga,32
50,Alejandro Balde,ESP,DF,Barcelona,La Liga,19
51,Iván Balliu,ALB,DF,Rayo Vallecano,La Liga,31
52,Jonathan Bamba,CIV,"MF,FW",Celta Vigo,La Liga,27
53,Léo Baptistão,BRA,FW,Almería,La Liga,30
54,Kike Barja,ESP,"FW,MF",Osasuna,La Liga,26
55,Ander Barrenetxea,ESP,"FW,MF",Real Sociedad,La Liga,21
56,Pablo Barrios,ESP,MF,Atlético Madrid,La Liga,20
57,Marc Bartra,ESP,DF,Betis,La Liga,32
58,Augusto Batalla,ARG,GK,Granada,La Liga,27
59,Bebé,CPV,"MF,FW",Rayo Vallecano,La Liga,33
60,Sheraldo Becker,SUR,"FW,MF",Real Sociedad,La Liga,28
61,Héctor Bellerín,ESP,DF,Betis,La Liga,28
62,Jude Bellingham,eng ENG,MF,Real Madrid,La Liga,20
63,Fran Beltrán,ESP,MF,Celta Vigo,La Liga,24
64,Carlos Benavídez,URU,MF,Alavés,La Liga,25
65,Yuri Berchiche,ESP,DF,Athletic Club,La Liga,33
66,Álex Berenguer,ESP,FW,Athletic Club,La Liga,28
67,Isaac Bernal,ESP,FW,Sevilla,La Liga,23
68,Antonio Blanco,ESP,MF,Alavés,La Liga,23
69,Daley Blind,NED,DF,Girona,La Liga,33
70,Adri Bosch,ESP,DF,Granada,La Liga,22
71,Yassine Bounou,MAR,GK,Sevilla,La Liga,32
72,Lucas Boyé,ARG,FW,Granada,La Liga,27
73,Juan Brandáriz,ESP,DF,Almería,La Liga,24
74,Darko Brašanac,SRB,MF,Osasuna,La Liga,31
75,Brau,ESP,DF,Granada,La Liga,21
76,Claudio Bravo,CHI,GK,Betis,La Liga,40
77,Ben Brereton,CHI,"FW,MF",Villarreal,La Liga,24
78,Ante Budimir,CRO,FW,Osasuna,La Liga,32
79,Pablo Busto,ESP,DF,Betis,La Liga,17
80,José Callejón,ESP,"MF,FW",Granada,La Liga,36
81,Eduardo Camavinga,FRA,"MF,DF",Real Madrid,La Liga,20
82,Sergio Camello,ESP,FW,Rayo Vallecano,La Liga,22
83,José Campaña,ESP,MF,Las Palmas,La Liga,30
84,João Cancelo,POR,DF,Barcelona,La Liga,29
85,Sergi Canós,ESP,"MF,FW",Valencia,La Liga,26
86,Étienne Capoue,FRA,MF,Villarreal,La Liga,35
87,Isaac Carcelen,ESP,DF,Cádiz,La Liga,30
88,Cárdenas,ESP,GK,Rayo Vallecano,La Liga,26
89,Marc Cardona,ESP,FW,Las Palmas,La Liga,28
90,Sergi Cardona,ESP,DF,Las Palmas,La Liga,24
91,Johnny Cardoso,USA,MF,Betis,La Liga,21
92,Carmona,ESP,"DF,MF",Getafe,La Liga,21
93,Yannick Carrasco,BEL,DF,Atlético Madrid,La Liga,29
94,Álvaro Carreras,ESP,"MF,FW",Granada,La Liga,20
95,Dani Carvajal,ESP,DF,Real Madrid,La Liga,31
96,William Carvalho,POR,MF,Betis,La Liga,31
97,Marc Casado,ESP,MF,Barcelona,La Liga,19
98,Catena,ESP,DF,Osasuna,La Liga,28
99,Dani Ceballos,ESP,"MF,FW",Real Madrid,La Liga,26
100,Álex Centelles,ESP,DF,Almería,La Liga,25
101,Franco Cervi,ARG,"MF,DF",Celta Vigo,La Liga,29
102,Pep Chavarría,ESP,"DF,MF",Rayo Vallecano,La Liga,25
103,Andreas Christensen,DEN,"DF,MF",Barcelona,La Liga,27
104,Víctor Chust,ESP,DF,Cádiz,La Liga,23
105,Pathé Ciss,SEN,MF,Rayo Vallecano,La Liga,29
106,Silvi Clúa,ESP,MF,Girona,La Liga,18
107,Saúl Coco,EQG,DF,Las Palmas,La Liga,24
108,Santi Comesaña,ESP,MF,Villarreal,La Liga,26
109,Copete,ESP,DF,Mallorca,La Liga,23
110,Francis Coquelin,FRA,MF,Villarreal,La Liga,32
111,Theo Corbeanu,CAN,"MF,FW",Granada,La Liga,21
112,Jesús Corona,MEX,"MF,DF",Sevilla,La Liga,30
113,Ángel Correa,ARG,"FW,MF",Atlético Madrid,La Liga,28
114,Thierry Correia,POR,DF,Valencia,La Liga,24
115,Jaume Costa,ESP,DF,Mallorca,La Liga,35
116,Samu Costa,POR,MF,Mallorca,La Liga,22
117,Thibaut Courtois,BEL,GK,Real Madrid,La Liga,31
118,Yan Couto,BRA,"DF,FW",Girona,La Liga,21
119,Crespo,POR,MF,Rayo Vallecano,La Liga,26
120,Cristian,ESP,GK,Valencia,La Liga,25
121,Juan Cruz Armada,ESP,DF,Osasuna,La Liga,31
122,Juan Cruz,ESP,FW,Betis,La Liga,23
123,Pau Cubarsí,ESP,DF,Barcelona,La Liga,16
124,Iván Cuéllar,ESP,GK,Mallorca,La Liga,39
125,Jorge Cuenca,ESP,DF,Villarreal,La Liga,23
126,Eric Curbelo,ESP,"DF,MF",Las Palmas,La Liga,29
127,Alberto Dadie,ESP,MF,Real Sociedad,La Liga,21
128,Sergi Darder,ESP,MF,Mallorca,La Liga,29
129,Rodrigo De Paul,ARG,MF,Atlético Madrid,La Liga,29
130,Mouctar Diakhaby,GUI,"DF,MF",Valencia,La Liga,26
131,Moussa Diakité,MLI,MF,Cádiz,La Liga,19
132,Assane Diao,ESP,FW,Betis,La Liga,17
133,Brahim Díaz,MAR,"FW,MF",Real Madrid,La Liga,23
134,Víctor Díaz,ESP,"DF,MF",Granada,La Liga,35
135,Famara Diedhiou,SEN,"FW,MF",Granada,La Liga,30
136,Stole Dimitrievski,MKD,GK,Rayo Vallecano,La Liga,29
137,Djené,TOG,"DF,MF",Getafe,La Liga,31
138,Marko Dmitrović,SRB,GK,Sevilla,La Liga,31
139,Jaume Doménech,ESP,GK,Valencia,La Liga,32
140,Carlos Dominguez,ESP,DF,Celta Vigo,La Liga,22
141,Mario Dominguez,ESP,FW,Valencia,La Liga,19
142,Carlos Dotor,ESP,MF,Celta Vigo,La Liga,22
143,Anastasios Douvikas,GRE,FW,Celta Vigo,La Liga,23
144,Artem Dovbyk,UKR,FW,Girona,La Liga,26
145,Domingos Duarte,POR,DF,Getafe,La Liga,28
146,Rubén Duarte,ESP,DF,Alavés,La Liga,27
147,Hugo Duro,ESP,FW,Valencia,La Liga,23
148,Aritz Elustondo,ESP,DF,Real Sociedad,La Liga,29
149,Adri Embarba,ESP,"FW,MF",Almería,La Liga,31
150,Youssef En-Nesyri,MAR,FW,Sevilla,La Liga,26
151,Gonzalo Escalante,ARG,MF,Cádiz,La Liga,30
152,Aarón Escandell,ESP,GK,Las Palmas,La Liga,27
153,Alfonso Espino,URU,DF,Rayo Vallecano,La Liga,31
154,Bernardo Espinosa,COL,DF,Girona,La Liga,34
155,Karl Etta,CMR,FW,Cádiz,La Liga,19
156,Abdessamad Ezzalzouli,MAR,"FW,MF",Barcelona,La Liga,21
157,Abdessamad Ezzalzouli,MAR,FW,Betis,La Liga,21
158,Radamel Falcao,COL,"FW,DF",Rayo Vallecano,La Liga,37
159,Fali,ESP,DF,Cádiz,La Liga,29
160,Ansu Fati,ESP,"MF,FW",Barcelona,La Liga,20
161,Nabil Fekir,FRA,"MF,FW",Betis,La Liga,30
162,Luiz Felipe,ITA,DF,Betis,La Liga,26
163,João Félix,POR,FW,Barcelona,La Liga,23
164,Kiko Femenía,ESP,DF,Villarreal,La Liga,32
165,Aitor Fernández,ESP,GK,Osasuna,La Liga,32
166,Álex Fernández,ESP,MF,Cádiz,La Liga,30
167,Carlos Fernández,ESP,FW,Real Sociedad,La Liga,27
168,Raúl Fernández,ESP,GK,Granada,La Liga,35
169,Valery Fernández,ESP,"MF,FW",Girona,La Liga,23
170,Fernando,ESP,GK,Almería,La Liga,33
171,Fernando,BRA,MF,Sevilla,La Liga,36
172,André Ferreira,POR,GK,Granada,La Liga,27
173,Rachad Fettal,MAR,FW,Almería,La Liga,18
174,Pablo Fornals,ESP,"FW,MF",Betis,La Liga,27
175,Héctor Fort,ESP,DF,Barcelona,La Liga,16
176,Dimitri Foulquier,FRA,"DF,MF",Valencia,La Liga,30
177,Juan Foyth,ARG,DF,Villarreal,La Liga,25
178,Jorge de Frutos,ESP,"FW,MF",Rayo Vallecano,La Liga,26
179,Daniel Fuzato,BRA,GK,Getafe,La Liga,26
180,Matteo Gabbia,ITA,DF,Villarreal,La Liga,23
181,Javi Galán,ESP,DF,Atlético Madrid,La Liga,28
182,Javi Galán,ESP,DF,Real Sociedad,La Liga,28
183,Iñigo Ruiz de Galarreta,ESP,MF,Athletic Club,La Liga,29
184,Aleix García,ESP,MF,Girona,La Liga,26
185,Álvaro García,ESP,"FW,MF",Rayo Vallecano,La Liga,30
186,Dani García,ESP,MF,Athletic Club,La Liga,33
187,David García,ESP,DF,Osasuna,La Liga,29
188,Eric García,ESP,DF,Barcelona,La Liga,22
189,Eric García,ESP,DF,Girona,La Liga,22
190,Fran Garcia,ESP,DF,Real Madrid,La Liga,23
191,Francisco Jesús Crespo García,ESP,FW,Las Palmas,La Liga,27
192,Gonzalo García,ESP,"FW,MF",Real Madrid,La Liga,19
193,Jastin García,ESP,FW,Girona,La Liga,19
194,Raúl García,ESP,"FW,MF",Athletic Club,La Liga,37
195,Rubén García,ESP,"FW,MF",Osasuna,La Liga,30
196,Santiago García,,FW,Getafe,La Liga,21
197,Unai García,ESP,DF,Osasuna,La Liga,31
198,Federico Gattoni,ARG,"DF,FW",Sevilla,La Liga,24
199,Gavi,ESP,"MF,FW",Barcelona,La Liga,18
200,Paulo Gazzaniga,ARG,GK,Girona,La Liga,31
201,David Gil,ESP,GK,Cádiz,La Liga,29
202,Maxi Gómez,URU,FW,Cádiz,La Liga,26
203,Moi Gómez,ESP,"MF,FW",Osasuna,La Liga,29
204,Unai Gómez,ESP,MF,Athletic Club,La Liga,20
205,Édgar González,ESP,"DF,MF",Almería,La Liga,26
206,Fabio González,ESP,MF,Las Palmas,La Liga,26
207,Giovanni González,URU,DF,Mallorca,La Liga,28
208,Hugo González,ESP,"MF,FW",Valencia,La Liga,20
209,Iñaki González,ESP,MF,Las Palmas,La Liga,19
210,Peter González,DOM,"MF,FW",Valencia,La Liga,21
211,Urko González,ESP,MF,Real Sociedad,La Liga,22
212,Andoni Gorosabel,ESP,DF,Alavés,La Liga,26
213,Pablo Gozalbez,ESP,"MF,FW",Valencia,La Liga,22
214,Mason Greenwood,eng ENG,"MF,FW",Getafe,La Liga,21
215,Dominik Greif,SVK,GK,Mallorca,La Liga,26
216,Antoine Griezmann,FRA,"FW,MF",Atlético Madrid,La Liga,32
217,Vicente Guaita,ESP,GK,Celta Vigo,La Liga,36
218,Andrés Guardado,MEX,MF,Betis,La Liga,36
219,Sergi Guardiola,ESP,"FW,MF",Cádiz,La Liga,32
220,Nemanja Gudelj,SRB,"DF,MF",Sevilla,La Liga,31
221,Gonçalo Guedes,POR,"FW,MF",Villarreal,La Liga,26
222,Javier Guerra,ESP,MF,Valencia,La Liga,20
223,Ander Guevara,ESP,MF,Alavés,La Liga,26
224,Hugo Guillamón,ESP,MF,Valencia,La Liga,23
225,Marc Guiu,ESP,"FW,MF",Barcelona,La Liga,17
226,Arda Güler,TUR,"FW,MF",Real Madrid,La Liga,18
227,Gerard Gumbau,ESP,MF,Granada,La Liga,28
228,İlkay Gündoğan,GER,MF,Barcelona,La Liga,32
229,Jon Guridi,ESP,MF,Alavés,La Liga,28
230,Gorka Guruzeta,ESP,FW,Athletic Club,La Liga,26
231,Miguel Gutiérrez,ESP,DF,Girona,La Liga,22
232,Munir El Haddadi,MAR,FW,Las Palmas,La Liga,27
233,Ianis Hagi,ROU,"MF,FW",Alavés,La Liga,24
234,Luiz Henrique,BRA,FW,Betis,La Liga,22
235,Mario Hermoso,ESP,DF,Atlético Madrid,La Liga,28
236,Javi Hernández,ESP,DF,Cádiz,La Liga,25
237,Aridane Hernández,ESP,DF,Rayo Vallecano,La Liga,34
238,Luis Hernández,ESP,DF,Cádiz,La Liga,34
239,Yarek Hernandis,ESP,DF,Valencia,La Liga,18
240,Jorge Herrando,ESP,DF,Osasuna,La Liga,22
241,Ander Herrera,ESP,MF,Athletic Club,La Liga,33
242,Cristian Herrera,ESP,"FW,MF",Las Palmas,La Liga,32
243,Sergio Herrera,ESP,GK,Osasuna,La Liga,30
244,Yangel Herrera,VEN,MF,Girona,La Liga,25
245,Juan Herzog,ESP,DF,Las Palmas,La Liga,20
246,Martin Hongla,CMR,"MF,DF",Granada,La Liga,25
247,Xabier Huarte Armendáriz,ESP,MF,Osasuna,La Liga,22
248,Pablo Ibáñez,ESP,MF,Osasuna,La Liga,24
249,Iglesias,ESP,"DF,FW",Getafe,La Liga,25
250,Borja Iglesias,ESP,FW,Betis,La Liga,30
251,Imanol,ESP,DF,Athletic Club,La Liga,23
252,Isco,ESP,MF,Betis,La Liga,31
253,Diego Iturralde,ESP,DF,Sevilla,La Liga,20
254,Adnan Januzaj,BEL,"FW,MF",Sevilla,La Liga,28
255,Mikel Jauregizar,ESP,MF,Athletic Club,La Liga,19
256,Luis Javier Suárez,COL,FW,Almería,La Liga,25
257,Salim El Jebari,MAR,MF,Atlético Madrid,La Liga,19
258,Frenkie de Jong,NED,MF,Barcelona,La Liga,26
259,Joan Jordán,ESP,MF,Sevilla,La Liga,29
260,Jordi,ESP,"MF,DF",Getafe,La Liga,22
261,Jeremy Jorge,ESP,FW,Getafe,La Liga,20
262,Willian José,BRA,FW,Betis,La Liga,31
263,Joselu,ESP,FW,Real Madrid,La Liga,33
264,Kamil Jóźwiak,POL,MF,Granada,La Liga,25
265,Juanmi,ESP,FW,Cádiz,La Liga,30
266,Juanpe,ESP,DF,Girona,La Liga,32
267,Vinicius Júnior,BRA,FW,Real Madrid,La Liga,23
268,Filip Jørgensen,DEN,GK,Villarreal,La Liga,21
269,Sory Kaba,GUI,FW,Las Palmas,La Liga,28
270,Kaiky,BRA,DF,Almería,La Liga,19
271,Jon Karrikaburu,ESP,"MF,FW",Alavés,La Liga,20
272,Ibrahima Kebe,MLI,MF,Girona,La Liga,22
273,Kiké,ESP,"FW,MF",Alavés,La Liga,33
274,Koke,ESP,MF,Atlético Madrid,La Liga,31
275,Ibrahima Koné,MLI,FW,Almería,La Liga,24
276,Rominigue Kouamé,MLI,MF,Cádiz,La Liga,26
277,Jules Koundé,FRA,DF,Barcelona,La Liga,24
278,Toni Kroos,GER,MF,Real Madrid,La Liga,33
279,Takefusa Kubo,JPN,"FW,MF",Real Sociedad,La Liga,22
280,Luca de la Torre,USA,MF,Celta Vigo,La Liga,25
281,Yoel Lago,ESP,DF,Celta Vigo,La Liga,19
282,Érik Lamela,ARG,"FW,MF",Sevilla,La Liga,31
283,Bruno Langa,MOZ,DF,Almería,La Liga,25
284,Cyle Larin,CAN,FW,Mallorca,La Liga,28
285,Juanmi Latasa,ESP,FW,Getafe,La Liga,22
286,Toni Lato,ESP,DF,Mallorca,La Liga,25
287,Lázaro,BRA,"FW,MF",Almería,La Liga,21
288,Robin Le Normand,ESP,DF,Real Sociedad,La Liga,26
289,Jeremías Ledesma,ARG,GK,Cádiz,La Liga,30
290,Florian Lejeune,FRA,DF,Rayo Vallecano,La Liga,32
291,Stefan Lekovic,SRB,DF,Villarreal,La Liga,19
292,Iñigo Lekue,ESP,DF,Athletic Club,La Liga,30
293,Thomas Lemar,FRA,MF,Atlético Madrid,La Liga,27
294,Álvaro Lemos,ESP,DF,Las Palmas,La Liga,30
295,Ruben Lendinez,ESP,DF,Valencia,La Liga,20
296,Robert Lewandowski,POL,FW,Barcelona,La Liga,34
297,Samuel Lino,BRA,"DF,MF",Atlético Madrid,La Liga,23
298,Javier Llabrés,ESP,"MF,FW",Mallorca,La Liga,20
299,Marcos Llorente,ESP,"MF,DF",Atlético Madrid,La Liga,28
300,Enzo Loiodice,FRA,MF,Las Palmas,La Liga,22
301,David López,ESP,DF,Girona,La Liga,33
302,Diego López,ESP,"MF,FW",Valencia,La Liga,21
303,Fermin López,ESP,"MF,FW",Barcelona,La Liga,20
304,Javi López,ESP,DF,Alavés,La Liga,21
305,Unai López,ESP,MF,Rayo Vallecano,La Liga,27
306,Dion Lopy,SEN,MF,Almería,La Liga,21
307,Anthony Lozano,HON,"MF,FW",Getafe,La Liga,30
308,Anthony Lozano,HON,FW,Almería,La Liga,30
309,Lucas,BRA,DF,Cádiz,La Liga,22
310,José Luis Gayà,ESP,DF,Valencia,La Liga,28
311,José Luis Morales,ESP,"FW,MF",Villarreal,La Liga,36
312,Dodi Lukebakio,BEL,"FW,MF",Sevilla,La Liga,25
313,Andriy Lunin,UKR,GK,Real Madrid,La Liga,24
314,Darwin Machís,VEN,MF,Cádiz,La Liga,30
315,Pablo Maffeo,ESP,DF,Mallorca,La Liga,26
316,Jon Magunacelaya,ESP,"FW,MF",Real Sociedad,La Liga,23
317,Nemanja Maksimović,SRB,MF,Getafe,La Liga,28
318,Giorgi Mamardashvili,GEO,GK,Valencia,La Liga,22
319,Wilson Manafá,POR,"DF,MF",Granada,La Liga,29
320,Reinildo Mandava,MOZ,DF,Atlético Madrid,La Liga,29
321,Aïssa Mandi,ALG,DF,Villarreal,La Liga,31
322,Javier Manquillo,ESP,"DF,MF",Celta Vigo,La Liga,29
323,Faitout Maouassa,FRA,"DF,MF",Granada,La Liga,25
324,Marcão,BRA,DF,Sevilla,La Liga,27
325,Óscar de Marcos,ESP,DF,Athletic Club,La Liga,34
326,Alberto Marí,ESP,FW,Valencia,La Liga,22
327,José Mari,ESP,"MF,FW",Cádiz,La Liga,35
328,José María Giménez,URU,DF,Atlético Madrid,La Liga,28
329,Mariano,DOM,"FW,MF",Sevilla,La Liga,29
330,Rafa Marín,ESP,DF,Alavés,La Liga,21
331,Diego Mariño,ESP,GK,Almería,La Liga,33
332,Mika Màrmol,ESP,DF,Las Palmas,La Liga,21
333,Unai Marrero,ESP,GK,Real Sociedad,La Liga,21
334,Roger Martí,ESP,FW,Cádiz,La Liga,32
335,Iván Martín,ESP,MF,Girona,La Liga,24
336,Jon Martin,ESP,DF,Real Sociedad,La Liga,17
337,Mario Martín,ESP,MF,Real Madrid,La Liga,19
338,Arnau Martinez,ESP,DF,Girona,La Liga,20
339,Iñigo Martínez,ESP,DF,Barcelona,La Liga,32
340,Marc Martínez,ESP,GK,Granada,La Liga,33
341,Marvin,ESP,"FW,DF",Las Palmas,La Liga,23
342,Omar Mascarell,EQG,MF,Mallorca,La Liga,30
343,Jaime Mata,ESP,"FW,MF",Getafe,La Liga,34
344,Luís Maximiano,POR,GK,Almería,La Liga,24
345,Borja Mayoral,ESP,FW,Getafe,La Liga,26
346,Mamadou Mbaye,SEN,DF,Cádiz,La Liga,25
347,Hannibal Mejbri,TUN,MF,Sevilla,La Liga,20
348,Óscar Melendo,ESP,"MF,FW",Granada,La Liga,25
349,Gonzalo Melero,ESP,"MF,FW",Almería,La Liga,29
350,Memphis,NED,FW,Atlético Madrid,La Liga,29
351,Houboulang Mendes,GNB,DF,Almería,La Liga,25
352,Tomás Mendes,ESP,MF,Alavés,La Liga,18
353,Brais Méndez,ESP,"MF,FW",Real Sociedad,La Liga,26
354,Bruno Méndez,URU,DF,Granada,La Liga,23
355,Diego Méndez,ESP,MF,Rayo Vallecano,La Liga,19
356,Ferland Mendy,FRA,DF,Real Madrid,La Liga,28
357,Jorge Meré,ESP,DF,Cádiz,La Liga,26
358,Mikel Merino,ESP,MF,Real Sociedad,La Liga,27
359,Omenuke Mfulu,COD,"MF,FW",Las Palmas,La Liga,29
360,Miguel,ESP,"FW,MF",Alavés,La Liga,23
361,Éder Militão,BRA,DF,Real Madrid,La Liga,25
362,Luis Milla,ESP,MF,Getafe,La Liga,28
363,Marko Milovanović,SRB,"FW,MF",Almería,La Liga,19
364,Óscar Mingueza,ESP,"DF,MF",Celta Vigo,La Liga,24
365,Ignasi Miquel,ESP,DF,Granada,La Liga,30
366,Rafa Mir,ESP,"FW,MF",Sevilla,La Liga,26
367,Juan Miranda,ESP,DF,Betis,La Liga,23
368,Stefan Mitrović,SRB,DF,Getafe,La Liga,33
369,Luka Modrić,CRO,MF,Real Madrid,La Liga,37
370,Johan Mojica,COL,DF,Osasuna,La Liga,30
371,Alberto Moleiro,ESP,"FW,MF",Las Palmas,La Liga,19
372,Nahuel Molina,ARG,DF,Atlético Madrid,La Liga,25
373,Jon Moncayola,ESP,MF,Osasuna,La Liga,25
374,César Montes,MEX,DF,Almería,La Liga,26
375,Álvaro Morata,ESP,FW,Atlético Madrid,La Liga,30
376,Alberto Moreno,ESP,DF,Villarreal,La Liga,31
377,Gerard Moreno,ESP,FW,Villarreal,La Liga,31
378,Jorge Moreno,ESP,DF,Osasuna,La Liga,22
379,Ilaix Moriba,GUI,"MF,FW",Getafe,La Liga,20
380,Manu Morlanes,ESP,MF,Mallorca,La Liga,24
381,Cristhian Mosquera,COL,DF,Valencia,La Liga,19
382,Yerson Mosquera,COL,DF,Villarreal,La Liga,22
383,Abdul Mumin,GHA,DF,Rayo Vallecano,La Liga,25
384,Iker Muniain,ESP,"MF,FW",Athletic Club,La Liga,30
385,Aihen Muñoz,ESP,DF,Real Sociedad,La Liga,25
386,Álvaro Muñoz,URU,FW,Real Madrid,La Liga,19
387,Iker Muñoz,ESP,MF,Osasuna,La Liga,20
388,Javier Muñoz,ESP,MF,Las Palmas,La Liga,28
389,Vedat Muriqi,KVX,FW,Mallorca,La Liga,29
390,Nacho,ESP,DF,Real Madrid,La Liga,33
391,Matija Nastasić,SRB,DF,Mallorca,La Liga,30
392,Roberto Navarro,ESP,"MF,FW",Cádiz,La Liga,21
393,Jesús Navas,ESP,DF,Sevilla,La Liga,37
394,Álvaro Negredo,ESP,"FW,MF",Cádiz,La Liga,37
395,Carlos Neva,ESP,DF,Granada,La Liga,27
396,Tanguy Nianzou,FRA,DF,Sevilla,La Liga,21
397,Saúl Ñíguez,ESP,MF,Atlético Madrid,La Liga,28
398,Peru Nolaskoain,ESP,"DF,MF",Athletic Club,La Liga,24
399,Randy Nteka,ANG,"FW,MF",Rayo Vallecano,La Liga,25
400,Unai Núñez,ESP,DF,Celta Vigo,La Liga,26
401,Ørjan Nyland,NOR,GK,Sevilla,La Liga,32
402,Jan Oblak,SVN,GK,Atlético Madrid,La Liga,30
403,Brian Ocampo,URU,"MF,FW",Cádiz,La Liga,24
404,Lucas Ocampos,ARG,"FW,MF",Sevilla,La Liga,29
405,Álvaro Odriozola,ESP,DF,Real Sociedad,La Liga,27
406,Aingeru Olabarrieta,ESP,FW,Athletic Club,La Liga,17
407,Olasagasti,ESP,MF,Real Sociedad,La Liga,22
408,Samuel Omorodion,ESP,FW,Alavés,La Liga,19
409,Samuel Omorodion,ESP,FW,Granada,La Liga,19
410,Aimar Oroz,ESP,MF,Osasuna,La Liga,21
411,Eneko Ortiz,ESP,DF,Alavés,La Liga,20
412,Asier Osambela,ESP,MF,Osasuna,La Liga,19
413,Milutin Osmajić,MNE,MF,Cádiz,La Liga,24
414,Aiham Ousou,SYR,DF,Cádiz,La Liga,23
415,Jesús Owono,EQG,GK,Alavés,La Liga,22
416,Mikel Oyarzabal,ESP,"FW,MF",Real Sociedad,La Liga,26
417,Cenk Özkacar,TUR,DF,Valencia,La Liga,22
418,Jon Pacheco,ESP,DF,Real Sociedad,La Liga,22
419,Isaac Palazón Camacho,ESP,"MF,FW",Rayo Vallecano,La Liga,28
420,Joaquín Panichelli,ARG,"FW,MF",Alavés,La Liga,20
421,Sokratis Papastathopoulos,GRE,DF,Betis,La Liga,35
422,Victor Parada,ESP,"FW,MF",Alavés,La Liga,21
423,Aitor Paredes,ESP,DF,Athletic Club,La Liga,23
424,Daniel Parejo,ESP,MF,Villarreal,La Liga,34
425,Pascu,ESP,FW,Villarreal,La Liga,20
426,Gabriel Paulista,BRA,DF,Atlético Madrid,La Liga,32
427,Gabriel Paulista,BRA,DF,Valencia,La Liga,32
428,Nicolás Paz,ARG,"MF,FW",Real Madrid,La Liga,18
429,Alfonso Pedraza,ESP,DF,Villarreal,La Liga,27
430,Pedri,ESP,"MF,FW",Barcelona,La Liga,20
431,Adrià Pedrosa,ESP,DF,Sevilla,La Liga,25
432,Facundo Pellistri,URU,"MF,FW",Granada,La Liga,21
433,Iñaki Peña,ESP,GK,Barcelona,La Liga,24
434,Marcos Peña,ESP,MF,Almería,La Liga,18
435,Rubén Peña,ESP,"DF,FW",Osasuna,La Liga,32
436,Alberto Perea,ESP,"MF,FW",Granada,La Liga,32
437,Ayoze Pérez,ESP,FW,Betis,La Liga,30
438,Carles Pérez,ESP,"MF,DF",Celta Vigo,La Liga,25
439,Francisco Perez,ESP,"MF,FW",Valencia,La Liga,20
440,Kike Pérez,ESP,"MF,FW",Rayo Vallecano,La Liga,26
441,Máximo Perrone,ARG,MF,Las Palmas,La Liga,20
442,Njegoš Petrović,SRB,"MF,FW",Granada,La Liga,24
443,Germán Pezzella,ARG,DF,Betis,La Liga,32
444,Kamil Piątkowski,POL,DF,Granada,La Liga,23
445,Yeremi Pino,ESP,"MF,FW",Villarreal,La Liga,20
446,Portu,ESP,FW,Getafe,La Liga,31
447,Portu,ESP,"MF,FW",Girona,La Liga,31
448,José Pozo,ESP,MF,Rayo Vallecano,La Liga,27
449,Alejandro Pozo Pozo,ESP,"DF,MF",Almería,La Liga,24
450,Beñat Prados,ESP,"MF,DF",Athletic Club,La Liga,22
451,Abdón Prats,ESP,"FW,MF",Mallorca,La Liga,30
452,Pubill,ESP,DF,Almería,La Liga,20
453,Antonio Puertas,ESP,"MF,FW",Granada,La Liga,31
454,Arnau Puigmal,ESP,"FW,DF",Almería,La Liga,22
455,Nemanja Radonjić,SRB,"MF,DF",Mallorca,La Liga,27
456,Aleksandar Radovanović,SRB,DF,Almería,La Liga,29
457,Abdellah Raihani,MAR,FW,Atlético Madrid,La Liga,19
458,Antonio Raillo,ESP,DF,Mallorca,La Liga,31
459,Predrag Rajković,SRB,GK,Mallorca,La Liga,27
460,Ivan Rakitić,CRO,MF,Sevilla,La Liga,35
461,Largie Ramazani,BEL,"FW,MF",Almería,La Liga,22
462,Benito Ramírez,ESP,"FW,MF",Las Palmas,La Liga,28
463,Sandro Ramírez,ESP,FW,Las Palmas,La Liga,28
464,Chris Ramos,ESP,"FW,MF",Cádiz,La Liga,26
465,Sergio Ramos,ESP,DF,Sevilla,La Liga,37
466,Raphinha,BRA,"FW,MF",Barcelona,La Liga,26
467,Andrei Ratiu,ROU,"DF,MF",Rayo Vallecano,La Liga,25
468,Raúl,ESP,FW,Osasuna,La Liga,22
469,Abderrahman Rebbach,ALG,"FW,MF",Alavés,La Liga,24
470,Pepe Reina,ESP,GK,Villarreal,La Liga,40
471,Álex Remiro,ESP,GK,Real Sociedad,La Liga,28
472,Chadi Riad,MAR,DF,Betis,La Liga,20
473,Diego Rico,ESP,DF,Getafe,La Liga,30
474,Luis Rioja,ESP,"FW,MF",Alavés,La Liga,29
475,Rodrigo Riquelme,ESP,"DF,MF",Atlético Madrid,La Liga,23
476,Alberto Risco,ESP,MF,Getafe,La Liga,17
477,Mihailo Ristić,SRB,"DF,MF",Celta Vigo,La Liga,27
478,Gorka Rivera Alonso,ESP,DF,Getafe,La Liga,18
479,Sergi Roberto,ESP,"MF,DF",Barcelona,La Liga,31
480,Lucas Robertone,ARG,MF,Almería,La Liga,26
481,Marc Roca,ESP,MF,Betis,La Liga,26
482,Sergio Rodelas,ESP,"FW,DF",Granada,La Liga,18
483,Rodri,ESP,"FW,MF",Betis,La Liga,23
484,Óscar Rodríguez Arnaiz,ESP,"MF,FW",Getafe,La Liga,25
485,Damián Rodríguez,ESP,MF,Celta Vigo,La Liga,20
486,Dani Rodríguez,ESP,MF,Mallorca,La Liga,35
487,Guido Rodríguez,ARG,MF,Betis,La Liga,29
488,Kirian Rodríguez,ESP,MF,Las Palmas,La Liga,27
489,Miguel Rodríguez,ESP,MF,Celta Vigo,La Liga,20
490,Rodrygo,BRA,FW,Real Madrid,La Liga,22
491,Carlos Romero,ESP,DF,Villarreal,La Liga,21
492,Luka Romero,ARG,FW,Almería,La Liga,18
493,Oriol Romeu,ESP,MF,Barcelona,La Liga,31
494,Unai Ropero,ESP,MF,Alavés,La Liga,21
495,Vitor Roque,BRA,FW,Barcelona,La Liga,18
496,Antonio Rüdiger,GER,DF,Real Madrid,La Liga,30
497,Javier Rueda Garcia,ESP,"MF,DF",Celta Vigo,La Liga,21
498,Aitor Ruibal,ESP,"DF,FW",Betis,La Liga,27
499,Sergio Ruiz,ESP,MF,Granada,La Liga,28
500,Youssouf Sabaly,SEN,DF,Betis,La Liga,30
501,Umar Sadiq,NGA,FW,Real Sociedad,La Liga,26
502,Pablo Saenz,,MF,Granada,La Liga,0
503,Kike Salas,ESP,DF,Sevilla,La Liga,21
504,Salvi,ESP,MF,Rayo Vallecano,La Liga,32
505,Diadie Samassékou,MLI,MF,Cádiz,La Liga,27
506,Fede San Emeterio,ESP,MF,Cádiz,La Liga,26
507,Oihan Sancet,ESP,MF,Athletic Club,La Liga,23
508,Ricard Sánchez,ESP,DF,Granada,La Liga,23
509,Antonio Sánchez,ESP,MF,Mallorca,La Liga,26
510,Juanlu Sánchez,ESP,DF,Sevilla,La Liga,19
511,Manu Sánchez,ESP,"DF,MF",Celta Vigo,La Liga,22
512,Jesús Santiago,ESP,MF,Getafe,La Liga,19
513,Paco Sanz,ESP,DF,Almería,La Liga,18
514,Stefan Savić,MNE,DF,Atlético Madrid,La Liga,32
515,Sávio,BRA,"FW,MF",Girona,La Liga,19
516,Manuel Sebastián,ESP,MF,Sevilla,La Liga,19
517,Aleksandar Sedlar,SRB,DF,Alavés,La Liga,31
518,André Silva,POR,FW,Real Sociedad,La Liga,27
519,Rui Silva,POR,GK,Betis,La Liga,29
520,Giuliano Simeone,ARG,FW,Alavés,La Liga,20
521,Unai Simón,ESP,GK,Athletic Club,La Liga,26
522,Daley Sinkgraven,NED,DF,Las Palmas,La Liga,28
523,Jailson Siqueira,BRA,"DF,MF",Celta Vigo,La Liga,27
524,Antonio Sivera,ESP,GK,Alavés,La Liga,26
525,Rubén Sobrino,ESP,"MF,FW",Cádiz,La Liga,31
526,Alex Sola,ESP,"FW,MF",Alavés,La Liga,24
527,Alex Sola,ESP,"DF,MF",Real Sociedad,La Liga,24
528,Jhon Solis,COL,MF,Girona,La Liga,18
529,David Soria,ESP,GK,Getafe,La Liga,30
530,Alberto Soro,ESP,MF,Granada,La Liga,24
531,Hugo Sotelo,ESP,MF,Celta Vigo,La Liga,19
532,Boubakary Soumaré,FRA,MF,Sevilla,La Liga,24
533,Djibril Sow,SUI,MF,Sevilla,La Liga,26
534,Çağlar Söyüncü,TUR,DF,Atlético Madrid,La Liga,27
535,Carl Starfelt,SWE,DF,Celta Vigo,La Liga,28
536,Jørgen Strand Larsen,NOR,FW,Celta Vigo,La Liga,23
537,Cristhian Stuani,URU,FW,Girona,La Liga,36
538,Álex Suárez,ESP,DF,Las Palmas,La Liga,30
539,Damián Suárez,URU,DF,Getafe,La Liga,35
540,Denis Suárez,ESP,"MF,FW",Villarreal,La Liga,29
541,Suso,ESP,"MF,FW",Sevilla,La Liga,29
542,Max Svensson,ESP,FW,Osasuna,La Liga,0
543,Williot Swedberg,SWE,"FW,MF",Celta Vigo,La Liga,19
544,Mamadou Sylla,SEN,"FW,MF",Alavés,La Liga,29
545,Alexander Sørloth,NOR,FW,Villarreal,La Liga,27
546,Yassin Tallal,ESP,FW,Getafe,La Liga,18
547,Renato Tapia,PER,"MF,DF",Celta Vigo,La Liga,28
548,César Tárrega,ESP,DF,Valencia,La Liga,21
549,Marciano Tchami,GNB,"FW,MF",Almería,La Liga,19
550,Aurélien Tchouaméni,FRA,"MF,DF",Real Madrid,La Liga,23
551,Nahuel Tenaglia,ARG,DF,Alavés,La Liga,27
552,Marc-André ter Stegen,GER,GK,Barcelona,La Liga,31
553,Ramón Terrats,ESP,"MF,DF",Villarreal,La Liga,22
554,Kieran Tierney,sct SCO,DF,Real Sociedad,La Liga,26
555,Raúl de Tomás,ESP,FW,Rayo Vallecano,La Liga,28
556,Pablo Torre,ESP,"MF,FW",Girona,La Liga,20
557,Raúl Torrente,ESP,DF,Granada,La Liga,21
558,Ferrán Torres,ESP,FW,Barcelona,La Liga,23
559,Óliver Torres,ESP,MF,Sevilla,La Liga,28
560,Lucas Torró,ESP,MF,Osasuna,La Liga,29
561,Bertrand Traoré,BFA,MF,Villarreal,La Liga,27
562,Hamari Traoré,MLI,DF,Real Sociedad,La Liga,31
563,Óscar Trejo,ARG,"FW,MF",Rayo Vallecano,La Liga,35
564,Manu Trigueros,ESP,MF,Villarreal,La Liga,31
565,Viktor Tsyhankov,UKR,"MF,FW",Girona,La Liga,25
566,Beñat Turrientes,ESP,MF,Real Sociedad,La Liga,21
567,Enes Ünal,TUR,"FW,MF",Getafe,La Liga,26
568,Myrto Uzuni,ALB,FW,Granada,La Liga,28
569,Óscar Valentín,ESP,MF,Rayo Vallecano,La Liga,28
570,Martin Valjent,SVK,DF,Mallorca,La Liga,27
571,Jesús Vallejo,ESP,DF,Granada,La Liga,26
572,Álvaro Vallés,ESP,GK,Las Palmas,La Liga,26
573,Federico Valverde,URU,MF,Real Madrid,La Liga,25
574,Siebe Van Der Heyden,BEL,DF,Mallorca,La Liga,25
575,José Luis García Vayá,ESP,MF,Valencia,La Liga,24
576,Borja Vázquez,ESP,FW,Cádiz,La Liga,18
577,Jesus Vazquez,ESP,"DF,MF",Valencia,La Liga,20
578,Kevin Vázquez,ESP,DF,Celta Vigo,La Liga,30
579,Lucas Vázquez,ESP,DF,Real Madrid,La Liga,32
580,Gabriel Veiga,ESP,FW,Celta Vigo,La Liga,21
581,Alejo Véliz,ARG,FW,Sevilla,La Liga,19
582,Arthur Vermeeren,BEL,MF,Atlético Madrid,La Liga,18
583,Mikel Vesga,ESP,MF,Athletic Club,La Liga,30
584,Carlos Vicente,ESP,FW,Alavés,La Liga,24
585,Nacho Vidal,ESP,"DF,FW",Osasuna,La Liga,28
586,Nacho Vidal,ESP,DF,Mallorca,La Liga,28
587,Fran Vieites,ESP,GK,Betis,La Liga,24
588,Jonathan Viera,ESP,"MF,FW",Las Palmas,La Liga,33
589,Jonathan Viera,ESP,MF,Almería,La Liga,33
590,Toni Villa,ESP,FW,Girona,La Liga,28
591,Asier Villalibre,ESP,FW,Athletic Club,La Liga,25
592,Gonzalo Villar,ESP,MF,Granada,La Liga,25
593,Iván Villar,ESP,GK,Celta Vigo,La Liga,26
594,Ricardo Visus,ESP,DF,Betis,La Liga,22
595,Daniel Vivian,ESP,DF,Athletic Club,La Liga,24
596,Shon Weissman,ISR,FW,Granada,La Liga,27
597,Iñaki Williams,GHA,FW,Athletic Club,La Liga,29
598,Nico Williams,ESP,FW,Athletic Club,La Liga,21
599,Axel Witsel,BEL,DF,Atlético Madrid,La Liga,34
600,Xeber,ESP,"FW,MF",Alavés,La Liga,26
601,Antal Yaakobishvili,HUN,DF,Girona,La Liga,19
602,Lamine Yamal,ESP,FW,Barcelona,La Liga,16
603,Roman Yaremchuk,UKR,FW,Valencia,La Liga,27
604,Arsen Zakharyan,RUS,"MF,FW",Real Sociedad,La Liga,20
605,Joseba Zaldúa,ESP,DF,Cádiz,La Liga,31
606,Bryan Zaragoza,ESP,"MF,FW",Granada,La Liga,22
607,Igor Zubeldia,ESP,DF,Real Sociedad,La Liga,26
608,Martín Zubimendi,ESP,MF,Real Sociedad,La Liga,24
